day,region_id,susceptible,infected,recovered,dead
0,1,8469999,0,1,0
0,2,7799999,0,1,0
0,3,6759999,0,1,0
0,4,5099999,0,1,0
0,5,2699999,0,1,0
0,6,2399999,0,1,0
0,7,2199999,0,1,0
0,8,2199999,0,1,0
0,9,1999999,0,1,0
0,10,1499999,0,1,0
0,11,1299999,0,1,0
0,12,999999,0,1,0
0,13,1199999,0,1,0
0,14,1049999,0,1,0
0,15,659999,0,1,0
0,16,579999,0,1,0
0,17,319999,0,1,0
0,18,84999,0,1,0
0,19,86999,0,1,0
1,1,8469999,0,1,0
1,2,7799999,0,1,0
1,3,6759999,0,1,0
1,4,5099999,0,1,0
1,5,2699999,0,1,0
1,6,2399999,0,1,0
1,7,2199999,0,1,0
1,8,2199999,0,1,0
1,9,1999999,0,1,0
1,10,1499999,0,1,0
1,11,1299999,0,1,0
1,12,999999,0,1,0
1,13,1199999,0,1,0
1,14,1049999,0,1,0
1,15,659999,0,1,0
1,16,579999,0,1,0
1,17,319999,0,1,0
1,18,84999,0,1,0
1,19,86999,0,1,0
2,1,8469999,0,1,0
2,2,7799999,0,1,0
2,3,6759999,0,1,0
2,4,5099999,0,1,0
2,5,2699999,0,1,0
2,6,2399999,0,1,0
2,7,2199999,0,1,0
2,8,2199999,0,1,0
2,9,1999999,0,1,0
2,10,1499999,0,1,0
2,11,1299999,0,1,0
2,12,999999,0,1,0
2,13,1199999,0,1,0
2,14,1049999,0,1,0
2,15,659999,0,1,0
2,16,579999,0,1,0
2,17,319999,0,1,0
2,18,84999,0,1,0
2,19,86999,0,1,0
3,1,8469999,0,1,0
3,2,7799999,0,1,0
3,3,6759999,0,1,0
3,4,5099999,0,1,0
3,5,2699999,0,1,0
3,6,2399999,0,1,0
3,7,2199999,0,1,0
3,8,2199999,0,1,0
3,9,1999999,0,1,0
3,10,1499999,0,1,0
3,11,1299999,0,1,0
3,12,999999,0,1,0
3,13,1199999,0,1,0
3,14,1049999,0,1,0
3,15,659999,0,1,0
3,16,579999,0,1,0
3,17,319999,0,1,0
3,18,84999,0,1,0
3,19,86999,0,1,0
4,1,8469999,0,1,0
4,2,7799999,0,1,0
4,3,6759999,0,1,0
4,4,5099999,0,1,0
4,5,2699999,0,1,0
4,6,2399999,0,1,0
4,7,2199999,0,1,0
4,8,2199999,0,1,0
4,9,1999999,0,1,0
4,10,1499999,0,1,0
4,11,1299999,0,1,0
4,12,999999,0,1,0
4,13,1199999,0,1,0
4,14,1049999,0,1,0
4,15,659999,0,1,0
4,16,579999,0,1,0
4,17,319999,0,1,0
4,18,84999,0,1,0
4,19,86999,0,1,0
5,1,8469999,0,1,0
5,2,7799999,0,1,0
5,3,6759999,0,1,0
5,4,5099999,0,1,0
5,5,2699999,0,1,0
5,6,2399999,0,1,0
5,7,2199999,0,1,0
5,8,2199999,0,1,0
5,9,1999999,0,1,0
5,10,1499999,0,1,0
5,11,1299999,0,1,0
5,12,999999,0,1,0
5,13,1199999,0,1,0
5,14,1049999,0,1,0
5,15,659999,0,1,0
5,16,579999,0,1,0
5,17,319999,0,1,0
5,18,84999,0,1,0
5,19,86999,0,1,0
6,1,8469999,0,1,0
6,2,7799999,0,1,0
6,3,6759999,0,1,0
6,4,5099999,0,1,0
6,5,2699999,0,1,0
6,6,2399999,0,1,0
6,7,2199999,0,1,0
6,8,2199999,0,1,0
6,9,1999999,0,1,0
6,10,1499999,0,1,0
6,11,1299999,0,1,0
6,12,999999,0,1,0
6,13,1199999,0,1,0
6,14,1049999,0,1,0
6,15,659999,0,1,0
6,16,579999,0,1,0
6,17,319999,0,1,0
6,18,84999,0,1,0
6,19,86999,0,1,0
7,1,8469999,0,1,0
7,2,7799999,0,1,0
7,3,6759999,0,1,0
7,4,5099999,0,1,0
7,5,2699999,0,1,0
7,6,2399999,0,1,0
7,7,2199999,0,1,0
7,8,2199999,0,1,0
7,9,1999999,0,1,0
7,10,1499999,0,1,0
7,11,1299999,0,1,0
7,12,999999,0,1,0
7,13,1199999,0,1,0
7,14,1049999,0,1,0
7,15,659999,0,1,0
7,16,579999,0,1,0
7,17,319999,0,1,0
7,18,84999,0,1,0
7,19,86999,0,1,0
8,1,8469999,0,1,0
8,2,7799999,0,1,0
8,3,6759999,0,1,0
8,4,5099999,0,1,0
8,5,2699999,0,1,0
8,6,2399999,0,1,0
8,7,2199999,0,1,0
8,8,2199999,0,1,0
8,9,1999999,0,1,0
8,10,1499999,0,1,0
8,11,1299999,0,1,0
8,12,999999,0,1,0
8,13,1199999,0,1,0
8,14,1049999,0,1,0
8,15,659999,0,1,0
8,16,579999,0,1,0
8,17,319999,0,1,0
8,18,84999,0,1,0
8,19,86999,0,1,0
9,1,8469999,0,1,0
9,2,7799999,0,1,0
9,3,6759999,0,1,0
9,4,5099999,0,1,0
9,5,2699999,0,1,0
9,6,2399999,0,1,0
9,7,2199999,0,1,0
9,8,2199999,0,1,0
9,9,1999999,0,1,0
9,10,1499999,0,1,0
9,11,1299999,0,1,0
9,12,999999,0,1,0
9,13,1199999,0,1,0
9,14,1049999,0,1,0
9,15,659999,0,1,0
9,16,579999,0,1,0
9,17,319999,0,1,0
9,18,84999,0,1,0
9,19,86999,0,1,0
10,1,8469999,0,1,0
10,2,7799999,0,1,0
10,3,6759999,0,1,0
10,4,5099999,0,1,0
10,5,2699999,0,1,0
10,6,2399999,0,1,0
10,7,2199999,0,1,0
10,8,2199999,0,1,0
10,9,1999999,0,1,0
10,10,1499999,0,1,0
10,11,1299999,0,1,0
10,12,999999,0,1,0
10,13,1199999,0,1,0
10,14,1049999,0,1,0
10,15,659999,0,1,0
10,16,579999,0,1,0
10,17,319999,0,1,0
10,18,84999,0,1,0
10,19,86999,0,1,0
11,1,8469999,0,1,0
11,2,7799999,0,1,0
11,3,6759999,0,1,0
11,4,5099999,0,1,0
11,5,2699999,0,1,0
11,6,2399999,0,1,0
11,7,2199999,0,1,0
11,8,2199999,0,1,0
11,9,1999999,0,1,0
11,10,1499999,0,1,0
11,11,1299999,0,1,0
11,12,999999,0,1,0
11,13,1199999,0,1,0
11,14,1049999,0,1,0
11,15,659999,0,1,0
11,16,579999,0,1,0
11,17,319999,0,1,0
11,18,84999,0,1,0
11,19,86999,0,1,0
12,1,8469999,0,1,0
12,2,7799999,0,1,0
12,3,6759999,0,1,0
12,4,5099999,0,1,0
12,5,2699999,0,1,0
12,6,2399999,0,1,0
12,7,2199999,0,1,0
12,8,2199999,0,1,0
12,9,1999999,0,1,0
12,10,1499999,0,1,0
12,11,1299999,0,1,0
12,12,999999,0,1,0
12,13,1199999,0,1,0
12,14,1049999,0,1,0
12,15,659999,0,1,0
12,16,579999,0,1,0
12,17,319999,0,1,0
12,18,84999,0,1,0
12,19,86999,0,1,0
13,1,8469999,0,1,0
13,2,7799999,0,1,0
13,3,6759999,0,1,0
13,4,5099999,0,1,0
13,5,2699999,0,1,0
13,6,2399999,0,1,0
13,7,2199999,0,1,0
13,8,2199999,0,1,0
13,9,1999999,0,1,0
13,10,1499999,0,1,0
13,11,1299999,0,1,0
13,12,999999,0,1,0
13,13,1199999,0,1,0
13,14,1049999,0,1,0
13,15,659999,0,1,0
13,16,579999,0,1,0
13,17,319999,0,1,0
13,18,84999,0,1,0
13,19,86999,0,1,0
14,1,8469999,0,1,0
14,2,7799999,0,1,0
14,3,6759999,0,1,0
14,4,5099999,0,1,0
14,5,2699999,0,1,0
14,6,2399999,0,1,0
14,7,2199999,0,1,0
14,8,2199999,0,1,0
14,9,1999999,0,1,0
14,10,1499999,0,1,0
14,11,1299999,0,1,0
14,12,999999,0,1,0
14,13,1199999,0,1,0
14,14,1049999,0,1,0
14,15,659999,0,1,0
14,16,579999,0,1,0
14,17,319999,0,1,0
14,18,84999,0,1,0
14,19,86999,0,1,0
15,1,8469999,0,1,0
15,2,7799999,0,1,0
15,3,6759999,0,1,0
15,4,5099999,0,1,0
15,5,2699999,0,1,0
15,6,2399999,0,1,0
15,7,2199999,0,1,0
15,8,2199999,0,1,0
15,9,1999999,0,1,0
15,10,1499999,0,1,0
15,11,1299999,0,1,0
15,12,999999,0,1,0
15,13,1199999,0,1,0
15,14,1049999,0,1,0
15,15,659999,0,1,0
15,16,579999,0,1,0
15,17,319999,0,1,0
15,18,84999,0,1,0
15,19,86999,0,1,0
16,1,8469999,0,1,0
16,2,7799999,0,1,0
16,3,6759999,0,1,0
16,4,5099999,0,1,0
16,5,2699999,0,1,0
16,6,2399999,0,1,0
16,7,2199999,0,1,0
16,8,2199999,0,1,0
16,9,1999999,0,1,0
16,10,1499999,0,1,0
16,11,1299999,0,1,0
16,12,999999,0,1,0
16,13,1199999,0,1,0
16,14,1049999,0,1,0
16,15,659999,0,1,0
16,16,579999,0,1,0
16,17,319999,0,1,0
16,18,84999,0,1,0
16,19,86999,0,1,0
17,1,8469999,0,1,0
17,2,7799999,0,1,0
17,3,6759999,0,1,0
17,4,5099999,0,1,0
17,5,2699999,0,1,0
17,6,2399999,0,1,0
17,7,2199999,0,1,0
17,8,2199999,0,1,0
17,9,1999999,0,1,0
17,10,1499999,0,1,0
17,11,1299999,0,1,0
17,12,999999,0,1,0
17,13,1199999,0,1,0
17,14,1049999,0,1,0
17,15,659999,0,1,0
17,16,579999,0,1,0
17,17,319999,0,1,0
17,18,84999,0,1,0
17,19,86999,0,1,0
18,1,8469999,0,1,0
18,2,7799999,0,1,0
18,3,6759999,0,1,0
18,4,5099999,0,1,0
18,5,2699999,0,1,0
18,6,2399999,0,1,0
18,7,2199999,0,1,0
18,8,2199999,0,1,0
18,9,1999999,0,1,0
18,10,1499999,0,1,0
18,11,1299999,0,1,0
18,12,999999,0,1,0
18,13,1199999,0,1,0
18,14,1049999,0,1,0
18,15,659999,0,1,0
18,16,579999,0,1,0
18,17,319999,0,1,0
18,18,84999,0,1,0
18,19,86999,0,1,0
19,1,8469999,0,1,0
19,2,7799999,0,1,0
19,3,6759999,0,1,0
19,4,5099999,0,1,0
19,5,2699999,0,1,0
19,6,2399999,0,1,0
19,7,2199999,0,1,0
19,8,2199999,0,1,0
19,9,1999999,0,1,0
19,10,1499999,0,1,0
19,11,1299999,0,1,0
19,12,999999,0,1,0
19,13,1199999,0,1,0
19,14,1049999,0,1,0
19,15,659999,0,1,0
19,16,579999,0,1,0
19,17,319999,0,1,0
19,18,84999,0,1,0
19,19,86999,0,1,0
20,1,8469999,0,1,0
20,2,7799999,0,1,0
20,3,6759999,0,1,0
20,4,5099999,0,1,0
20,5,2699999,0,1,0
20,6,2399999,0,1,0
20,7,2199999,0,1,0
20,8,2199999,0,1,0
20,9,1999999,0,1,0
20,10,1499999,0,1,0
20,11,1299999,0,1,0
20,12,999999,0,1,0
20,13,1199999,0,1,0
20,14,1049999,0,1,0
20,15,659999,0,1,0
20,16,579999,0,1,0
20,17,319999,0,1,0
20,18,84999,0,1,0
20,19,86999,0,1,0
21,1,8469999,0,1,0
21,2,7799999,0,1,0
21,3,6759999,0,1,0
21,4,5099999,0,1,0
21,5,2699999,0,1,0
21,6,2399999,0,1,0
21,7,2199999,0,1,0
21,8,2199999,0,1,0
21,9,1999999,0,1,0
21,10,1499999,0,1,0
21,11,1299999,0,1,0
21,12,999999,0,1,0
21,13,1199999,0,1,0
21,14,1049999,0,1,0
21,15,659999,0,1,0
21,16,579999,0,1,0
21,17,319999,0,1,0
21,18,84999,0,1,0
21,19,86999,0,1,0
22,1,8469999,0,1,0
22,2,7799999,0,1,0
22,3,6759999,0,1,0
22,4,5099999,0,1,0
22,5,2699999,0,1,0
22,6,2399999,0,1,0
22,7,2199999,0,1,0
22,8,2199999,0,1,0
22,9,1999999,0,1,0
22,10,1499999,0,1,0
22,11,1299999,0,1,0
22,12,999999,0,1,0
22,13,1199999,0,1,0
22,14,1049999,0,1,0
22,15,659999,0,1,0
22,16,579999,0,1,0
22,17,319999,0,1,0
22,18,84999,0,1,0
22,19,86999,0,1,0
23,1,8469999,0,1,0
23,2,7799999,0,1,0
23,3,6759999,0,1,0
23,4,5099999,0,1,0
23,5,2699999,0,1,0
23,6,2399999,0,1,0
23,7,2199999,0,1,0
23,8,2199999,0,1,0
23,9,1999999,0,1,0
23,10,1499999,0,1,0
23,11,1299999,0,1,0
23,12,999999,0,1,0
23,13,1199999,0,1,0
23,14,1049999,0,1,0
23,15,659999,0,1,0
23,16,579999,0,1,0
23,17,319999,0,1,0
23,18,84999,0,1,0
23,19,86999,0,1,0
24,1,8469999,0,1,0
24,2,7799999,0,1,0
24,3,6759999,0,1,0
24,4,5099999,0,1,0
24,5,2699999,0,1,0
24,6,2399999,0,1,0
24,7,2199999,0,1,0
24,8,2199999,0,1,0
24,9,1999999,0,1,0
24,10,1499999,0,1,0
24,11,1299999,0,1,0
24,12,999999,0,1,0
24,13,1199999,0,1,0
24,14,1049999,0,1,0
24,15,659999,0,1,0
24,16,579999,0,1,0
24,17,319999,0,1,0
24,18,84999,0,1,0
24,19,86999,0,1,0
25,1,8469999,0,1,0
25,2,7799999,0,1,0
25,3,6759999,0,1,0
25,4,5099999,0,1,0
25,5,2699999,0,1,0
25,6,2399999,0,1,0
25,7,2199999,0,1,0
25,8,2199999,0,1,0
25,9,1999999,0,1,0
25,10,1499999,0,1,0
25,11,1299999,0,1,0
25,12,999999,0,1,0
25,13,1199999,0,1,0
25,14,1049999,0,1,0
25,15,659999,0,1,0
25,16,579999,0,1,0
25,17,319999,0,1,0
25,18,84999,0,1,0
25,19,86999,0,1,0
26,1,8469999,0,1,0
26,2,7799999,0,1,0
26,3,6759999,0,1,0
26,4,5099999,0,1,0
26,5,2699999,0,1,0
26,6,2399999,0,1,0
26,7,2199999,0,1,0
26,8,2199999,0,1,0
26,9,1999999,0,1,0
26,10,1499999,0,1,0
26,11,1299999,0,1,0
26,12,999999,0,1,0
26,13,1199999,0,1,0
26,14,1049999,0,1,0
26,15,659999,0,1,0
26,16,579999,0,1,0
26,17,319999,0,1,0
26,18,84999,0,1,0
26,19,86999,0,1,0
27,1,8469999,0,1,0
27,2,7799999,0,1,0
27,3,6759999,0,1,0
27,4,5099999,0,1,0
27,5,2699999,0,1,0
27,6,2399999,0,1,0
27,7,2199999,0,1,0
27,8,2199999,0,1,0
27,9,1999999,0,1,0
27,10,1499999,0,1,0
27,11,1299999,0,1,0
27,12,999999,0,1,0
27,13,1199999,0,1,0
27,14,1049999,0,1,0
27,15,659999,0,1,0
27,16,579999,0,1,0
27,17,319999,0,1,0
27,18,84999,0,1,0
27,19,86999,0,1,0
28,1,8469999,0,1,0
28,2,7799999,0,1,0
28,3,6759999,0,1,0
28,4,5099999,0,1,0
28,5,2699999,0,1,0
28,6,2399999,0,1,0
28,7,2199999,0,1,0
28,8,2199999,0,1,0
28,9,1999999,0,1,0
28,10,1499999,0,1,0
28,11,1299999,0,1,0
28,12,999999,0,1,0
28,13,1199999,0,1,0
28,14,1049999,0,1,0
28,15,659999,0,1,0
28,16,579999,0,1,0
28,17,319999,0,1,0
28,18,84999,0,1,0
28,19,86999,0,1,0
29,1,8469999,0,1,0
29,2,7799999,0,1,0
29,3,6759999,0,1,0
29,4,5099999,0,1,0
29,5,2699999,0,1,0
29,6,2399999,0,1,0
29,7,2199999,0,1,0
29,8,2199999,0,1,0
29,9,1999999,0,1,0
29,10,1499999,0,1,0
29,11,1299999,0,1,0
29,12,999999,0,1,0
29,13,1199999,0,1,0
29,14,1049999,0,1,0
29,15,659999,0,1,0
29,16,579999,0,1,0
29,17,319999,0,1,0
29,18,84999,0,1,0
29,19,86999,0,1,0
30,1,8469999,0,1,0
30,2,7799999,0,1,0
30,3,6759999,0,1,0
30,4,5099999,0,1,0
30,5,2699999,0,1,0
30,6,2399999,0,1,0
30,7,2199999,0,1,0
30,8,2199999,0,1,0
30,9,1999999,0,1,0
30,10,1499999,0,1,0
30,11,1299999,0,1,0
30,12,999999,0,1,0
30,13,1199999,0,1,0
30,14,1049999,0,1,0
30,15,659999,0,1,0
30,16,579999,0,1,0
30,17,319999,0,1,0
30,18,84999,0,1,0
30,19,86999,0,1,0
31,1,8469999,0,1,0
31,2,7799999,0,1,0
31,3,6759999,0,1,0
31,4,5099999,0,1,0
31,5,2699999,0,1,0
31,6,2399999,0,1,0
31,7,2199999,0,1,0
31,8,2199999,0,1,0
31,9,1999999,0,1,0
31,10,1499999,0,1,0
31,11,1299999,0,1,0
31,12,999999,0,1,0
31,13,1199999,0,1,0
31,14,1049999,0,1,0
31,15,659999,0,1,0
31,16,579999,0,1,0
31,17,319999,0,1,0
31,18,84999,0,1,0
31,19,86999,0,1,0
32,1,8469999,0,1,0
32,2,7799999,0,1,0
32,3,6759999,0,1,0
32,4,5099999,0,1,0
32,5,2699999,0,1,0
32,6,2399999,0,1,0
32,7,2199999,0,1,0
32,8,2199999,0,1,0
32,9,1999999,0,1,0
32,10,1499999,0,1,0
32,11,1299999,0,1,0
32,12,999999,0,1,0
32,13,1199999,0,1,0
32,14,1049999,0,1,0
32,15,659999,0,1,0
32,16,579999,0,1,0
32,17,319999,0,1,0
32,18,84999,0,1,0
32,19,86999,0,1,0
33,1,8469999,0,1,0
33,2,7799999,0,1,0
33,3,6759999,0,1,0
33,4,5099999,0,1,0
33,5,2699999,0,1,0
33,6,2399999,0,1,0
33,7,2199999,0,1,0
33,8,2199999,0,1,0
33,9,1999999,0,1,0
33,10,1499999,0,1,0
33,11,1299999,0,1,0
33,12,999999,0,1,0
33,13,1199999,0,1,0
33,14,1049999,0,1,0
33,15,659999,0,1,0
33,16,579999,0,1,0
33,17,319999,0,1,0
33,18,84999,0,1,0
33,19,86999,0,1,0
34,1,8469999,0,1,0
34,2,7799999,0,1,0
34,3,6759999,0,1,0
34,4,5099999,0,1,0
34,5,2699999,0,1,0
34,6,2399999,0,1,0
34,7,2199999,0,1,0
34,8,2199999,0,1,0
34,9,1999999,0,1,0
34,10,1499999,0,1,0
34,11,1299999,0,1,0
34,12,999999,0,1,0
34,13,1199999,0,1,0
34,14,1049999,0,1,0
34,15,659999,0,1,0
34,16,579999,0,1,0
34,17,319999,0,1,0
34,18,84999,0,1,0
34,19,86999,0,1,0
35,1,8469999,0,1,0
35,2,7799999,0,1,0
35,3,6759999,0,1,0
35,4,5099999,0,1,0
35,5,2699999,0,1,0
35,6,2399999,0,1,0
35,7,2199999,0,1,0
35,8,2199999,0,1,0
35,9,1999999,0,1,0
35,10,1499999,0,1,0
35,11,1299999,0,1,0
35,12,999999,0,1,0
35,13,1199999,0,1,0
35,14,1049999,0,1,0
35,15,659999,0,1,0
35,16,579999,0,1,0
35,17,319999,0,1,0
35,18,84999,0,1,0
35,19,86999,0,1,0
36,1,8469999,0,1,0
36,2,7799999,0,1,0
36,3,6759999,0,1,0
36,4,5099999,0,1,0
36,5,2699999,0,1,0
36,6,2399999,0,1,0
36,7,2199999,0,1,0
36,8,2199999,0,1,0
36,9,1999999,0,1,0
36,10,1499999,0,1,0
36,11,1299999,0,1,0
36,12,999999,0,1,0
36,13,1199999,0,1,0
36,14,1049999,0,1,0
36,15,659999,0,1,0
36,16,579999,0,1,0
36,17,319999,0,1,0
36,18,84999,0,1,0
36,19,86999,0,1,0
37,1,8469999,0,1,0
37,2,7799999,0,1,0
37,3,6759999,0,1,0
37,4,5099999,0,1,0
37,5,2699999,0,1,0
37,6,2399999,0,1,0
37,7,2199999,0,1,0
37,8,2199999,0,1,0
37,9,1999999,0,1,0
37,10,1499999,0,1,0
37,11,1299999,0,1,0
37,12,999999,0,1,0
37,13,1199999,0,1,0
37,14,1049999,0,1,0
37,15,659999,0,1,0
37,16,579999,0,1,0
37,17,319999,0,1,0
37,18,84999,0,1,0
37,19,86999,0,1,0
38,1,8469999,0,1,0
38,2,7799999,0,1,0
38,3,6759999,0,1,0
38,4,5099999,0,1,0
38,5,2699999,0,1,0
38,6,2399999,0,1,0
38,7,2199999,0,1,0
38,8,2199999,0,1,0
38,9,1999999,0,1,0
38,10,1499999,0,1,0
38,11,1299999,0,1,0
38,12,999999,0,1,0
38,13,1199999,0,1,0
38,14,1049999,0,1,0
38,15,659999,0,1,0
38,16,579999,0,1,0
38,17,319999,0,1,0
38,18,84999,0,1,0
38,19,86999,0,1,0
39,1,8469999,0,1,0
39,2,7799999,0,1,0
39,3,6759999,0,1,0
39,4,5099999,0,1,0
39,5,2699999,0,1,0
39,6,2399999,0,1,0
39,7,2199999,0,1,0
39,8,2199999,0,1,0
39,9,1999999,0,1,0
39,10,1499999,0,1,0
39,11,1299999,0,1,0
39,12,999999,0,1,0
39,13,1199999,0,1,0
39,14,1049999,0,1,0
39,15,659999,0,1,0
39,16,579999,0,1,0
39,17,319999,0,1,0
39,18,84999,0,1,0
39,19,86999,0,1,0
40,1,8469999,0,1,0
40,2,7799999,0,1,0
40,3,6759999,0,1,0
40,4,5099999,0,1,0
40,5,2699999,0,1,0
40,6,2399999,0,1,0
40,7,2199999,0,1,0
40,8,2199999,0,1,0
40,9,1999999,0,1,0
40,10,1499999,0,1,0
40,11,1299999,0,1,0
40,12,999999,0,1,0
40,13,1199999,0,1,0
40,14,1049999,0,1,0
40,15,659999,0,1,0
40,16,579999,0,1,0
40,17,319999,0,1,0
40,18,84999,0,1,0
40,19,86999,0,1,0
41,1,8469999,0,1,0
41,2,7799999,0,1,0
41,3,6759999,0,1,0
41,4,5099999,0,1,0
41,5,2699999,0,1,0
41,6,2399999,0,1,0
41,7,2199999,0,1,0
41,8,2199999,0,1,0
41,9,1999999,0,1,0
41,10,1499999,0,1,0
41,11,1299999,0,1,0
41,12,999999,0,1,0
41,13,1199999,0,1,0
41,14,1049999,0,1,0
41,15,659999,0,1,0
41,16,579999,0,1,0
41,17,319999,0,1,0
41,18,84999,0,1,0
41,19,86999,0,1,0
42,1,8469999,0,1,0
42,2,7799999,0,1,0
42,3,6759999,0,1,0
42,4,5099999,0,1,0
42,5,2699999,0,1,0
42,6,2399999,0,1,0
42,7,2199999,0,1,0
42,8,2199999,0,1,0
42,9,1999999,0,1,0
42,10,1499999,0,1,0
42,11,1299999,0,1,0
42,12,999999,0,1,0
42,13,1199999,0,1,0
42,14,1049999,0,1,0
42,15,659999,0,1,0
42,16,579999,0,1,0
42,17,319999,0,1,0
42,18,84999,0,1,0
42,19,86999,0,1,0
43,1,8469999,0,1,0
43,2,7799999,0,1,0
43,3,6759999,0,1,0
43,4,5099999,0,1,0
43,5,2699999,0,1,0
43,6,2399999,0,1,0
43,7,2199999,0,1,0
43,8,2199999,0,1,0
43,9,1999999,0,1,0
43,10,1499999,0,1,0
43,11,1299999,0,1,0
43,12,999999,0,1,0
43,13,1199999,0,1,0
43,14,1049999,0,1,0
43,15,659999,0,1,0
43,16,579999,0,1,0
43,17,319999,0,1,0
43,18,84999,0,1,0
43,19,86999,0,1,0
44,1,8469999,0,1,0
44,2,7799999,0,1,0
44,3,6759999,0,1,0
44,4,5099999,0,1,0
44,5,2699999,0,1,0
44,6,2399999,0,1,0
44,7,2199999,0,1,0
44,8,2199999,0,1,0
44,9,1999999,0,1,0
44,10,1499999,0,1,0
44,11,1299999,0,1,0
44,12,999999,0,1,0
44,13,1199999,0,1,0
44,14,1049999,0,1,0
44,15,659999,0,1,0
44,16,579999,0,1,0
44,17,319999,0,1,0
44,18,84999,0,1,0
44,19,86999,0,1,0
45,1,8469999,0,1,0
45,2,7799999,0,1,0
45,3,6759999,0,1,0
45,4,5099999,0,1,0
45,5,2699999,0,1,0
45,6,2399999,0,1,0
45,7,2199999,0,1,0
45,8,2199999,0,1,0
45,9,1999999,0,1,0
45,10,1499999,0,1,0
45,11,1299999,0,1,0
45,12,999999,0,1,0
45,13,1199999,0,1,0
45,14,1049999,0,1,0
45,15,659999,0,1,0
45,16,579999,0,1,0
45,17,319999,0,1,0
45,18,84999,0,1,0
45,19,86999,0,1,0
46,1,8469999,0,1,0
46,2,7799999,0,1,0
46,3,6759999,0,1,0
46,4,5099999,0,1,0
46,5,2699999,0,1,0
46,6,2399999,0,1,0
46,7,2199999,0,1,0
46,8,2199999,0,1,0
46,9,1999999,0,1,0
46,10,1499999,0,1,0
46,11,1299999,0,1,0
46,12,999999,0,1,0
46,13,1199999,0,1,0
46,14,1049999,0,1,0
46,15,659999,0,1,0
46,16,579999,0,1,0
46,17,319999,0,1,0
46,18,84999,0,1,0
46,19,86999,0,1,0
47,1,8469999,0,1,0
47,2,7799999,0,1,0
47,3,6759999,0,1,0
47,4,5099999,0,1,0
47,5,2699999,0,1,0
47,6,2399999,0,1,0
47,7,2199999,0,1,0
47,8,2199999,0,1,0
47,9,1999999,0,1,0
47,10,1499999,0,1,0
47,11,1299999,0,1,0
47,12,999999,0,1,0
47,13,1199999,0,1,0
47,14,1049999,0,1,0
47,15,659999,0,1,0
47,16,579999,0,1,0
47,17,319999,0,1,0
47,18,84999,0,1,0
47,19,86999,0,1,0
48,1,8469999,0,1,0
48,2,7799999,0,1,0
48,3,6759999,0,1,0
48,4,5099999,0,1,0
48,5,2699999,0,1,0
48,6,2399999,0,1,0
48,7,2199999,0,1,0
48,8,2199999,0,1,0
48,9,1999999,0,1,0
48,10,1499999,0,1,0
48,11,1299999,0,1,0
48,12,999999,0,1,0
48,13,1199999,0,1,0
48,14,1049999,0,1,0
48,15,659999,0,1,0
48,16,579999,0,1,0
48,17,319999,0,1,0
48,18,84999,0,1,0
48,19,86999,0,1,0
49,1,8469999,0,1,0
49,2,7799999,0,1,0
49,3,6759999,0,1,0
49,4,5099999,0,1,0
49,5,2699999,0,1,0
49,6,2399999,0,1,0
49,7,2199999,0,1,0
49,8,2199999,0,1,0
49,9,1999999,0,1,0
49,10,1499999,0,1,0
49,11,1299999,0,1,0
49,12,999999,0,1,0
49,13,1199999,0,1,0
49,14,1049999,0,1,0
49,15,659999,0,1,0
49,16,579999,0,1,0
49,17,319999,0,1,0
49,18,84999,0,1,0
49,19,86999,0,1,0
50,1,8469999,0,1,0
50,2,7799999,0,1,0
50,3,6759999,0,1,0
50,4,5099999,0,1,0
50,5,2699999,0,1,0
50,6,2399999,0,1,0
50,7,2199999,0,1,0
50,8,2199999,0,1,0
50,9,1999999,0,1,0
50,10,1499999,0,1,0
50,11,1299999,0,1,0
50,12,999999,0,1,0
50,13,1199999,0,1,0
50,14,1049999,0,1,0
50,15,659999,0,1,0
50,16,579999,0,1,0
50,17,319999,0,1,0
50,18,84999,0,1,0
50,19,86999,0,1,0
51,1,8469999,0,1,0
51,2,7799999,0,1,0
51,3,6759999,0,1,0
51,4,5099999,0,1,0
51,5,2699999,0,1,0
51,6,2399999,0,1,0
51,7,2199999,0,1,0
51,8,2199999,0,1,0
51,9,1999999,0,1,0
51,10,1499999,0,1,0
51,11,1299999,0,1,0
51,12,999999,0,1,0
51,13,1199999,0,1,0
51,14,1049999,0,1,0
51,15,659999,0,1,0
51,16,579999,0,1,0
51,17,319999,0,1,0
51,18,84999,0,1,0
51,19,86999,0,1,0
52,1,8469999,0,1,0
52,2,7799999,0,1,0
52,3,6759999,0,1,0
52,4,5099999,0,1,0
52,5,2699999,0,1,0
52,6,2399999,0,1,0
52,7,2199999,0,1,0
52,8,2199999,0,1,0
52,9,1999999,0,1,0
52,10,1499999,0,1,0
52,11,1299999,0,1,0
52,12,999999,0,1,0
52,13,1199999,0,1,0
52,14,1049999,0,1,0
52,15,659999,0,1,0
52,16,579999,0,1,0
52,17,319999,0,1,0
52,18,84999,0,1,0
52,19,86999,0,1,0
53,1,8469999,0,1,0
53,2,7799999,0,1,0
53,3,6759999,0,1,0
53,4,5099999,0,1,0
53,5,2699999,0,1,0
53,6,2399999,0,1,0
53,7,2199999,0,1,0
53,8,2199999,0,1,0
53,9,1999999,0,1,0
53,10,1499999,0,1,0
53,11,1299999,0,1,0
53,12,999999,0,1,0
53,13,1199999,0,1,0
53,14,1049999,0,1,0
53,15,659999,0,1,0
53,16,579999,0,1,0
53,17,319999,0,1,0
53,18,84999,0,1,0
53,19,86999,0,1,0
54,1,8469999,0,1,0
54,2,7799999,0,1,0
54,3,6759999,0,1,0
54,4,5099999,0,1,0
54,5,2699999,0,1,0
54,6,2399999,0,1,0
54,7,2199999,0,1,0
54,8,2199999,0,1,0
54,9,1999999,0,1,0
54,10,1499999,0,1,0
54,11,1299999,0,1,0
54,12,999999,0,1,0
54,13,1199999,0,1,0
54,14,1049999,0,1,0
54,15,659999,0,1,0
54,16,579999,0,1,0
54,17,319999,0,1,0
54,18,84999,0,1,0
54,19,86999,0,1,0
55,1,8469999,0,1,0
55,2,7799999,0,1,0
55,3,6759999,0,1,0
55,4,5099999,0,1,0
55,5,2699999,0,1,0
55,6,2399999,0,1,0
55,7,2199999,0,1,0
55,8,2199999,0,1,0
55,9,1999999,0,1,0
55,10,1499999,0,1,0
55,11,1299999,0,1,0
55,12,999999,0,1,0
55,13,1199999,0,1,0
55,14,1049999,0,1,0
55,15,659999,0,1,0
55,16,579999,0,1,0
55,17,319999,0,1,0
55,18,84999,0,1,0
55,19,86999,0,1,0
56,1,8469999,0,1,0
56,2,7799999,0,1,0
56,3,6759999,0,1,0
56,4,5099999,0,1,0
56,5,2699999,0,1,0
56,6,2399999,0,1,0
56,7,2199999,0,1,0
56,8,2199999,0,1,0
56,9,1999999,0,1,0
56,10,1499999,0,1,0
56,11,1299999,0,1,0
56,12,999999,0,1,0
56,13,1199999,0,1,0
56,14,1049999,0,1,0
56,15,659999,0,1,0
56,16,579999,0,1,0
56,17,319999,0,1,0
56,18,84999,0,1,0
56,19,86999,0,1,0
57,1,8469999,0,1,0
57,2,7799999,0,1,0
57,3,6759999,0,1,0
57,4,5099999,0,1,0
57,5,2699999,0,1,0
57,6,2399999,0,1,0
57,7,2199999,0,1,0
57,8,2199999,0,1,0
57,9,1999999,0,1,0
57,10,1499999,0,1,0
57,11,1299999,0,1,0
57,12,999999,0,1,0
57,13,1199999,0,1,0
57,14,1049999,0,1,0
57,15,659999,0,1,0
57,16,579999,0,1,0
57,17,319999,0,1,0
57,18,84999,0,1,0
57,19,86999,0,1,0
58,1,8469999,0,1,0
58,2,7799999,0,1,0
58,3,6759999,0,1,0
58,4,5099999,0,1,0
58,5,2699999,0,1,0
58,6,2399999,0,1,0
58,7,2199999,0,1,0
58,8,2199999,0,1,0
58,9,1999999,0,1,0
58,10,1499999,0,1,0
58,11,1299999,0,1,0
58,12,999999,0,1,0
58,13,1199999,0,1,0
58,14,1049999,0,1,0
58,15,659999,0,1,0
58,16,579999,0,1,0
58,17,319999,0,1,0
58,18,84999,0,1,0
58,19,86999,0,1,0
59,1,8469999,0,1,0
59,2,7799999,0,1,0
59,3,6759999,0,1,0
59,4,5099999,0,1,0
59,5,2699999,0,1,0
59,6,2399999,0,1,0
59,7,2199999,0,1,0
59,8,2199999,0,1,0
59,9,1999999,0,1,0
59,10,1499999,0,1,0
59,11,1299999,0,1,0
59,12,999999,0,1,0
59,13,1199999,0,1,0
59,14,1049999,0,1,0
59,15,659999,0,1,0
59,16,579999,0,1,0
59,17,319999,0,1,0
59,18,84999,0,1,0
59,19,86999,0,1,0
